timestamp,open,high,low,close,volume
2019-11-15,17.1500,17.2700,17.0400,17.2300,9913059
2019-11-14,17.1600,17.2000,16.9800,17.0300,10667825
2019-11-13,17.2700,17.3200,17.1400,17.2300,8627200
2019-11-12,17.5100,17.5400,17.2600,17.3400,8409400
2019-11-11,17.4400,17.5900,17.3300,17.4600,5640100
2019-11-08,17.1800,17.4400,17.0500,17.4300,5901700
2019-11-07,17.0800,17.3500,17.0200,17.1800,9108800
2019-11-06,16.9600,17.0300,16.8200,16.9400,12812800
2019-11-05,16.7800,16.9400,16.7650,16.8300,13439800
2019-11-04,16.5900,16.8000,16.5900,16.6500,10539600
2019-11-01,16.1000,16.5300,15.8100,16.5000,6996900
2019-10-31,16.3500,16.4300,16.1000,16.4100,5724900
2019-10-30,16.4800,16.4800,16.1900,16.3100,6452200
2019-10-29,16.3200,16.5450,16.2200,16.4600,6490400
2019-10-28,16.2800,16.4780,16.2700,16.4300,5537100
2019-10-25,15.9100,16.2000,15.9000,16.1600,6349000
2019-10-24,16.1700,16.2350,15.6750,15.8900,8343400
2019-10-23,15.9000,16.2000,15.7000,16.0200,10984200
2019-10-22,16.0200,16.0900,15.8700,15.9500,10852100
2019-10-21,15.8500,16.4100,15.7900,15.9700,19431100
2019-10-18,15.2300,15.3900,15.2000,15.3500,9987100
2019-10-17,15.0800,15.2900,15.0250,15.2100,4793500
2019-10-16,15.1700,15.2150,15.0400,15.0900,5205500
2019-10-15,14.9400,15.2700,14.6900,15.1400,7585800
2019-10-14,14.6200,14.9500,14.5900,14.9500,8724200
2019-10-11,14.3600,14.5350,14.2800,14.3500,6507200
2019-10-10,14.0100,14.2500,13.9800,14.1100,4448400
2019-10-09,13.9700,14.2250,13.9500,14.0700,6318600
2019-10-08,14.1900,14.2150,13.8200,13.8500,11912400
2019-10-07,14.4000,14.6650,14.3300,14.3500,8194000
2019-10-04,14.5100,14.5100,14.2450,14.4000,9735000
2019-10-03,14.3900,14.5000,14.0500,14.5000,5705100
2019-10-02,14.5300,14.5550,14.3100,14.4400,7444400
2019-10-01,15.3100,15.3950,14.6400,14.6500,7893900
2019-09-30,15.0000,15.3200,14.9900,15.1700,11141900
2019-09-27,14.7400,15.1000,14.6900,15.0000,10224700
2019-09-26,14.5300,14.7000,14.3500,14.6300,6972100
2019-09-25,14.2500,14.6700,14.1900,14.5900,8018700
2019-09-24,14.4300,14.5700,14.1400,14.2500,16093600
2019-09-23,14.3000,14.4850,14.2100,14.4000,11750000
2019-09-20,14.8700,14.9300,14.3500,14.4300,19541900
2019-09-19,14.7900,14.9700,14.6900,14.8500,14516200
2019-09-18,14.8700,14.9900,14.6200,14.7400,12714800
2019-09-17,15.0100,15.0100,14.7500,14.9900,7239300
2019-09-16,15.1900,15.3700,15.0900,15.1200,11458500
2019-09-13,15.3500,15.4000,15.2100,15.3200,9229000
2019-09-12,15.3400,15.4550,15.1000,15.3600,8500800
2019-09-11,15.1500,15.4000,14.9200,15.3700,7938900
2019-09-10,14.8600,15.1700,14.8600,15.0900,10404700
2019-09-09,14.6600,15.0400,14.6300,14.9500,12951200
2019-09-06,14.4700,14.6100,14.3900,14.5700,8599500
2019-09-05,13.9500,14.5000,13.9100,14.4000,9380500
2019-09-04,13.6100,13.7800,13.5300,13.7500,6934000
2019-09-03,13.6700,13.7500,13.3750,13.4900,7907500
2019-08-30,13.8500,13.9200,13.6800,13.8200,8841100
2019-08-29,13.6900,13.8200,13.6300,13.6800,11195600
2019-08-28,13.5000,13.8290,13.0900,13.3700,15022500
2019-08-27,13.0500,13.1700,12.8700,12.9300,14197700
2019-08-26,12.9200,13.0600,12.7900,12.9400,8709600
2019-08-23,13.0300,13.2800,12.6900,12.7500,12131000
2019-08-22,13.1600,13.3200,13.0300,13.2500,7900700
2019-08-21,13.1300,13.2350,12.9400,13.0700,7453000
2019-08-20,12.9400,13.0600,12.8700,12.9400,5084400
2019-08-19,12.9900,13.2200,12.9900,13.1100,7196200
2019-08-16,12.8000,12.9700,12.5200,12.8000,10818700
2019-08-15,12.8800,12.9700,12.5200,12.6800,11024400
2019-08-14,13.1100,13.1600,12.8400,12.8600,11300900
2019-08-13,13.0900,13.6800,13.0300,13.4000,11899900
2019-08-12,13.2400,13.2900,13.0000,13.0800,6964700
2019-08-09,13.4600,13.5510,13.2900,13.3900,11271600
2019-08-08,13.1400,13.5800,13.1094,13.5500,10874400
2019-08-07,12.8800,13.1400,12.7700,13.0600,8026100
2019-08-06,13.1697,13.2000,12.9200,13.0700,9594600
2019-08-05,13.0200,13.1100,12.6110,12.9000,15207900
2019-08-02,13.7400,13.8400,13.0200,13.2700,21673400
2019-08-01,14.3300,14.7090,14.1050,14.1400,7903700
2019-07-31,14.6300,14.6650,14.2300,14.3700,8325300
2019-07-30,14.5600,14.7600,14.5100,14.6100,5362900
2019-07-29,14.5900,14.7450,14.5600,14.6600,6046500
2019-07-26,14.5400,14.7300,14.4600,14.6300,6893000
2019-07-25,14.7200,14.7200,14.4350,14.5100,8822700
2019-07-24,14.6400,14.8450,14.5900,14.7400,8067900
2019-07-23,14.4000,14.6550,14.3700,14.6100,8771300
2019-07-22,14.8000,14.8700,14.2600,14.3000,11954800
2019-07-19,14.7900,14.9600,14.7800,14.8400,5765000
2019-07-18,14.6100,14.8200,14.5988,14.7500,8277300
2019-07-17,14.8000,14.8500,14.6700,14.6900,7100800
2019-07-16,14.9800,15.0300,14.7850,14.8100,6996500
2019-07-15,14.8900,15.0500,14.8700,14.9600,4655900
2019-07-12,14.6400,14.9750,14.6400,14.9100,8061900
2019-07-11,14.7900,14.8750,14.4800,14.6000,12929500
2019-07-10,15.0100,15.1300,14.7600,14.7700,7082100
2019-07-09,14.9200,14.9400,14.6550,14.8700,7482600
2019-07-08,15.0800,15.0800,14.8550,15.0300,7342700
2019-07-05,15.1600,15.2900,15.0250,15.1700,6018500
2019-07-03,15.0700,15.3150,15.0450,15.2900,6049000
2019-07-02,15.1300,15.2200,14.9650,15.0800,7444700
2019-07-01,15.2400,15.4850,15.0411,15.1400,10192800
2019-06-28,15.0300,15.1700,14.9400,14.9500,20533100
2019-06-27,14.9900,15.2200,14.9400,14.9700,6214500
2019-06-26,14.8700,15.1200,14.8600,14.9600,8407600
2019-06-25,14.9600,15.0150,14.7500,14.7600,8223300
2019-06-24,15.0200,15.1100,14.9500,15.0100,6810300
2019-06-21,15.0300,15.0600,14.8400,14.9400,15542100
2019-06-20,14.9800,15.0400,14.7400,15.0000,10038200
2019-06-19,14.6700,14.8400,14.6100,14.7100,9637200
2019-06-18,14.4100,14.7400,14.3750,14.5900,8172200
2019-06-17,14.1800,14.4300,14.1100,14.3000,9903400
2019-06-14,14.2500,14.2500,14.0500,14.1500,5930300
2019-06-13,14.2100,14.3607,14.1700,14.3500,7195300
2019-06-12,14.2501,14.3100,14.1100,14.1400,5917600
2019-06-11,14.2700,14.4090,14.1100,14.2600,7146300
2019-06-10,14.1800,14.3900,14.1800,14.2600,8844800
2019-06-07,13.9800,14.1600,13.8900,14.0900,8912000
2019-06-06,13.9900,14.0550,13.6900,13.9900,10444300
2019-06-05,14.3300,14.3600,13.9200,14.0900,8914100
2019-06-04,13.8500,14.1744,13.8200,14.1300,8911000
2019-06-03,13.7400,13.8750,13.5496,13.6900,11098000
2019-05-31,13.9500,13.9800,13.5900,13.7200,13987000
2019-05-30,14.2500,14.3600,14.1350,14.2200,9041300
2019-05-29,14.0599,14.2850,13.9900,14.1300,8328800
2019-05-28,14.4400,14.6300,14.1450,14.1700,16535100
2019-05-24,14.2800,15.1700,14.2800,14.3900,24819200
2019-05-23,14.5200,14.5397,14.2700,14.3200,12423700
2019-05-22,15.1700,15.2100,14.6700,14.7100,8819400
2019-05-21,14.8800,15.3100,14.8600,15.2500,11137600
2019-05-20,14.4000,14.8700,14.3700,14.7500,11407900
2019-05-17,14.6200,14.9200,14.4700,14.6200,16330300
2019-05-16,14.4400,14.6800,14.4300,14.5300,14153400
2019-05-15,14.0600,14.4450,14.0500,14.4200,15286000
2019-05-14,14.1900,14.3950,14.1900,14.2400,9175600
2019-05-13,14.4500,14.5300,14.0900,14.1600,12346300
2019-05-10,15.0800,15.1850,14.7700,14.7900,14643500
2019-05-09,15.1700,15.2300,14.8650,15.2200,7525300
2019-05-08,15.4200,15.5400,15.3300,15.3500,5554900
2019-05-07,15.4700,15.6200,15.3300,15.4300,7565500
2019-05-06,15.5900,15.7300,15.4500,15.6600,5543600
2019-05-03,15.7806,15.9600,15.7700,15.9300,5138900
2019-05-02,15.8100,15.9700,15.6400,15.7400,5105200
2019-05-01,15.9500,16.0700,15.7800,15.7900,6609900
2019-04-30,15.6800,15.8100,15.5300,15.8100,10384900
2019-04-29,15.7300,15.9650,15.6700,15.7100,7794900
2019-04-26,15.8700,15.9400,15.5950,15.7700,11613400
2019-04-25,16.2600,16.3100,15.9350,16.0100,9782100
2019-04-24,16.5100,16.6100,16.2600,16.2700,9147100
2019-04-23,16.6100,16.6900,16.5000,16.5300,10311800
2019-04-22,16.6600,16.6800,16.5800,16.5900,5423700
2019-04-18,16.5900,16.7100,16.5152,16.6600,9627200
2019-04-17,16.6300,16.6900,16.4300,16.5700,9137100
2019-04-16,16.5000,16.6953,16.4800,16.6000,14190900
2019-04-15,16.3600,16.5000,16.3600,16.4900,5233300
2019-04-12,16.3900,16.4800,16.2900,16.4000,5240100
2019-04-11,16.1800,16.3250,16.1000,16.2700,6985300
2019-04-10,15.9700,16.2700,15.9400,16.2700,5654600
2019-04-09,16.1200,16.1400,15.9000,15.9500,5019000
2019-04-08,16.1400,16.2600,16.0620,16.1900,6414100
2019-04-05,16.0100,16.1700,16.0000,16.1500,6083900
2019-04-04,15.9000,16.1100,15.8500,16.0700,9514000
2019-04-03,16.0200,16.0800,15.7400,15.8500,11969100
2019-04-02,15.9300,16.0100,15.8150,15.8200,6484600
2019-04-01,15.5500,15.9100,15.5400,15.9000,10995700
2019-03-29,15.4200,15.4600,15.3250,15.4300,9937300
2019-03-28,15.3500,15.5350,15.2300,15.2600,9547100
2019-03-27,15.3600,15.4350,15.1700,15.2600,7722000
2019-03-26,15.1900,15.4550,15.1800,15.3100,9274600
2019-03-25,15.3000,15.3800,15.0500,15.1500,12410800
2019-03-22,15.8000,15.9400,15.2700,15.2900,12345200
2019-03-21,15.8900,16.1200,15.8900,16.0200,17721300
2019-03-20,15.8700,16.0400,15.7700,15.8700,10351700
2019-03-19,15.9000,16.0400,15.8310,15.8800,15502600
2019-03-18,16.0000,16.1100,15.7400,15.8400,11519400
2019-03-15,15.6600,16.1050,15.6600,16.0700,20228300
2019-03-14,15.5900,15.7150,15.4900,15.6600,10097400
2019-03-13,15.3800,15.5900,15.3200,15.5200,11306000
2019-03-12,15.3500,15.4900,15.1300,15.3100,17676400
2019-03-11,15.6386,15.9300,15.6350,15.8900,11689000
2019-03-08,15.5200,15.6650,15.4150,15.6100,7801900
2019-03-07,15.8600,15.9400,15.5997,15.6700,14207900
2019-03-06,16.1100,16.1400,15.9400,15.9600,6343400
2019-03-05,16.0900,16.2400,15.9200,16.1400,15853200
2019-03-04,16.4500,16.5200,15.9400,16.1600,14646300
2019-03-01,16.5400,16.5400,16.2550,16.3800,21879800
2019-02-28,16.6000,16.6500,16.3400,16.3800,13489400
2019-02-27,16.7500,16.8150,16.6950,16.7000,8381300
2019-02-26,16.7300,16.9700,16.7100,16.8000,10049500
2019-02-25,16.3500,16.9199,16.3450,16.7600,13110200
2019-02-22,16.5000,16.5000,16.0100,16.3200,22478500
2019-02-21,16.1100,16.3896,16.0300,16.2300,15909700
2019-02-20,16.1000,16.2200,16.0300,16.0500,9809100
2019-02-19,16.0300,16.1300,15.9800,16.0900,8588900
2019-02-15,16.1100,16.2400,15.9900,16.0900,11932700
2019-02-14,15.9100,16.1300,15.8600,15.9900,7968600
2019-02-13,16.1000,16.2400,16.0300,16.0500,11945600
2019-02-12,16.0100,16.1500,15.9704,16.0000,13904500
2019-02-11,15.9100,16.0450,15.8300,15.8400,7940000
2019-02-08,15.6600,15.9250,15.6200,15.9200,7984700
2019-02-07,15.9100,16.0950,15.7500,15.8500,6135500
2019-02-06,15.9400,16.1900,15.9000,16.0900,7159000
2019-02-05,15.7900,16.0990,15.7800,15.8900,6625700
2019-02-04,15.7300,15.8500,15.5800,15.7900,9193800
2019-02-01,15.6900,15.8100,15.5650,15.6900,9152100
2019-01-31,15.4700,15.6500,15.3500,15.5900,11945800
2019-01-30,15.4800,15.6700,15.2750,15.5200,7852300
2019-01-29,15.7500,15.8600,15.3650,15.3700,20884100
2019-01-28,15.1100,15.6700,15.0700,15.6600,29335800
2019-01-25,14.9400,15.3786,14.9050,15.3500,17843400
2019-01-24,14.4800,14.8800,14.4402,14.7600,7087900
2019-01-23,14.5200,14.6906,14.3200,14.4400,6831400
2019-01-22,14.6600,14.6600,14.3500,14.4500,9537600
2019-01-18,14.3800,14.7500,14.3800,14.6800,8935900
2019-01-17,14.2600,14.4000,14.1000,14.2700,6240000
2019-01-16,13.7700,14.3700,13.7300,14.3200,12256800
2019-01-15,14.2100,14.4900,14.1700,14.4400,6786400
2019-01-14,14.1100,14.3070,14.0100,14.1600,8960300
2019-01-11,14.0400,14.2600,13.8900,14.2400,6507200
2019-01-10,13.9900,14.1400,13.8800,14.1300,8556200
2019-01-09,13.8800,14.1950,13.8800,14.0600,7668100
2019-01-08,14.1900,14.3100,13.6850,13.8000,12732500
2019-01-07,13.8200,14.1700,13.7500,14.0700,8027500
2019-01-04,13.5100,13.9200,13.4500,13.8000,11277100
2019-01-03,13.2800,13.3700,12.9300,13.1800,11921700
2019-01-02,12.9500,13.6400,12.9500,13.4600,10865500
2018-12-31,13.1700,13.2556,13.0300,13.2100,6453800
2018-12-28,13.2100,13.3150,12.9700,13.0300,8727000
2018-12-27,12.6900,13.1200,12.5392,13.1000,8150300
2018-12-26,12.3400,12.8600,12.0870,12.8100,10312200
2018-12-24,12.4600,12.5950,12.2250,12.2700,5400200
2018-12-21,12.6600,13.0000,12.4850,12.6100,25427500
2018-12-20,13.0800,13.1604,12.5950,12.6500,18528300
2018-12-19,13.5909,13.8400,13.0700,13.1700,14299900
2018-12-18,13.7100,13.9300,13.5400,13.6300,12805000
2018-12-17,14.1700,14.2700,13.5500,13.5900,17072700
2018-12-14,14.3500,14.4600,14.2000,14.2200,11166200
2018-12-13,14.6491,14.9300,14.4400,14.4900,12862100
2018-12-12,14.9600,14.9900,14.6300,14.6400,14122900
2018-12-11,14.5800,14.8290,14.3800,14.7400,16343600
2018-12-10,14.6200,14.8450,14.1900,14.5700,14047500
2018-12-07,15.9700,15.9700,14.6600,14.7100,18469900
2018-12-06,14.8100,16.2600,14.5600,16.0200,29136600
2018-12-04,15.4200,15.5400,14.9800,15.0500,18349500
2018-12-03,15.2600,15.5300,15.2200,15.5000,14845100
2018-11-30,15.0900,15.1400,14.7700,15.0000,20963100
2018-11-29,15.4000,15.4200,15.1000,15.1200,10922000
2018-11-28,15.1800,15.4600,14.9000,15.4600,13439200
2018-11-27,14.7900,15.0600,14.7600,15.0600,7771900
2018-11-26,14.7200,14.9850,14.6900,14.9100,9953900
2018-11-23,14.5587,14.7150,14.4900,14.5400,2909400
2018-11-21,14.6400,14.9300,14.6300,14.7000,8652300
2018-11-20,14.6000,14.8000,14.4050,14.5300,11300700
2018-11-19,15.1000,15.2150,14.7000,14.8300,12707700
2018-11-16,15.2800,15.3500,15.0999,15.2000,11150600
2018-11-15,15.0700,15.4800,14.8900,15.3200,15280000
2018-11-14,15.4800,15.6750,15.1100,15.1500,16235400
2018-11-13,15.3100,15.6100,15.2450,15.3400,9517000
2018-11-12,15.5797,15.6050,15.1900,15.2800,9571300
2018-11-09,16.1300,16.1950,15.5650,15.7200,10721500
2018-11-08,16.1900,16.5190,16.1500,16.2500,7195500
2018-11-07,16.0300,16.2496,15.8400,16.2400,18460200
2018-11-06,15.9300,16.0700,15.8300,15.8800,13047300
2018-11-05,15.8900,16.0100,15.6800,15.9300,6268100
2018-11-02,15.8300,16.0950,15.7350,15.8900,15140700
2018-11-01,15.2400,15.8000,15.2400,15.8000,6066800
2018-10-31,15.1400,15.5200,15.1400,15.2500,9547400
2018-10-30,14.5700,14.9400,14.5100,14.9300,8297100
2018-10-29,14.8000,15.0492,14.3600,14.5700,8024400
2018-10-26,14.9700,14.9800,14.4760,14.6300,10469500
2018-10-25,15.2000,15.3450,15.0800,15.1500,8175700
2018-10-24,15.6300,15.7950,15.0599,15.0900,8119500
2018-10-23,15.5300,15.7500,15.3100,15.6500,9081300
2018-10-22,15.5392,15.8900,15.5200,15.8400,7881600
2018-10-19,15.3500,15.6300,15.3400,15.4400,7652700
2018-10-18,15.4000,15.5300,15.1000,15.3300,8275200
2018-10-17,15.5900,15.6500,15.3100,15.5200,6231700
2018-10-16,15.4500,15.5400,15.2700,15.5100,6109300
2018-10-15,15.4200,15.5100,15.2400,15.3400,9344700
2018-10-12,14.9200,15.4600,14.8900,15.4200,16598800
2018-10-11,15.0600,15.1600,14.5500,14.6300,9075100
2018-10-10,15.6500,15.7700,15.0900,15.1100,10860900
2018-10-09,15.8700,15.9200,15.5900,15.6900,12074000
2018-10-08,16.0700,16.1500,15.8600,15.8900,8991800
2018-10-05,16.8100,17.0200,16.0404,16.1400,12794700
2018-10-04,16.7900,17.0000,16.7800,16.8500,10262800
2018-10-03,16.5400,16.9100,16.4600,16.7500,10580100
2018-10-02,16.1400,16.6300,16.1400,16.5300,9636500
2018-10-01,16.3700,16.5200,16.1300,16.1800,9808600
2018-09-28,16.2500,16.4300,16.1700,16.3100,12488000
2018-09-27,16.6300,16.6300,16.2500,16.2800,12514200
2018-09-26,16.5902,16.7200,16.4950,16.5100,8897900
2018-09-25,16.8700,16.9650,16.5300,16.5500,17845200
2018-09-24,17.0000,17.0250,16.8600,16.9200,7291300
2018-09-21,16.9500,17.2700,16.9200,17.0200,26709600
2018-09-20,16.7000,16.9800,16.6800,16.8700,8726300
2018-09-19,16.5700,16.7000,16.5500,16.6400,6871500
2018-09-18,16.3100,16.6800,16.2650,16.5500,6680200
2018-09-17,16.5800,16.6800,16.2324,16.2800,8686400
2018-09-14,16.5500,16.6600,16.4751,16.5800,8040300
2018-09-13,16.5000,16.7300,16.4350,16.5400,11155800
2018-09-12,16.3900,16.4700,16.2500,16.4000,5614500
2018-09-11,16.2800,16.4800,16.1600,16.4500,7953700
2018-09-10,16.5391,16.5500,16.2600,16.4100,12516300
2018-09-07,16.4900,16.8000,16.3900,16.5300,10228900
2018-09-06,16.5600,16.6200,16.4200,16.5200,8440700
2018-09-05,16.6884,16.7000,16.2400,16.5900,13574000
2018-09-04,16.4200,16.7150,16.1700,16.6700,10016400
2018-08-31,16.7700,16.7700,16.4000,16.5300,10675700
2018-08-30,16.7400,17.0800,16.7200,16.7900,16188100
2018-08-29,17.0300,17.5900,16.6500,16.7100,25330100
2018-08-28,16.5300,16.7998,16.5100,16.7400,10950200
2018-08-27,16.3700,16.6400,16.2600,16.4500,13743900
2018-08-24,16.1600,16.3100,15.9803,16.2000,9561000
2018-08-23,15.8100,16.4600,15.7950,16.1000,15522400
2018-08-22,15.7600,15.9200,15.7205,15.8200,8331000
2018-08-21,16.4700,16.4700,15.7400,15.7800,16634000
2018-08-20,16.7400,16.9600,16.5900,16.7200,9402400
2018-08-17,16.2500,16.7950,16.2062,16.6700,12400100
2018-08-16,16.1200,16.3900,16.0250,16.2700,10663400
2018-08-15,15.8600,16.0900,15.7900,16.0300,10275900
2018-08-14,15.7000,16.0200,15.7000,15.9900,5182800
2018-08-13,15.8500,15.9700,15.6600,15.6600,5039600
2018-08-10,15.9800,16.0850,15.7800,15.8500,5036700
2018-08-09,16.1400,16.2250,16.0600,16.1100,3503900
2018-08-08,16.1400,16.2900,16.0700,16.1600,4663000
2018-08-07,16.0500,16.2305,16.0200,16.1300,4396500
2018-08-06,15.9300,16.0450,15.8500,16.0100,5224100
2018-08-03,15.6100,16.0000,15.5900,15.9800,7397200
2018-08-02,15.3500,15.5700,15.3200,15.5500,7753100
2018-08-01,15.4195,15.6100,15.3700,15.4500,5640200
2018-07-31,15.4500,15.5500,15.3700,15.4400,6644700
2018-07-30,15.5800,15.6400,15.3200,15.4500,4940000
2018-07-27,15.7600,15.8900,15.5300,15.5900,5690100
2018-07-26,15.4897,15.7700,15.4800,15.6900,4970600
2018-07-25,15.2400,15.4900,15.2300,15.4800,5964900
2018-07-24,15.6100,15.6650,15.2500,15.3000,7481700
2018-07-23,15.4100,15.5500,15.2700,15.4700,13145600
2018-07-20,15.5900,15.6150,15.4050,15.4700,6592600
2018-07-19,15.9300,16.1550,15.6100,15.6400,11530100
2018-07-18,15.6900,15.9500,15.6500,15.9300,6992100
2018-07-17,15.5900,15.8000,15.5600,15.6600,8883000
2018-07-16,15.4500,15.6500,15.3357,15.6400,10738000
2018-07-13,15.3400,15.5300,15.3000,15.4900,8808200
2018-07-12,15.1500,15.4700,15.1200,15.3900,4759800
2018-07-11,15.3100,15.3500,15.0808,15.1000,8725700
2018-07-10,15.2400,15.5350,15.2000,15.5000,12151400
2018-07-09,15.0400,15.3150,14.9900,15.2300,6362000
2018-07-06,14.8800,15.0500,14.7300,14.9800,5527800
2018-07-05,14.8000,14.8400,14.5700,14.8200,9473800
2018-07-03,14.7900,14.9200,14.7500,14.7700,4748200
2018-07-02,14.5000,14.8400,14.4600,14.8000,7088700
2018-06-29,14.7700,14.8500,14.6100,14.6100,11694500
2018-06-28,14.7100,14.7700,14.4750,14.7100,14739100
2018-06-27,15.2200,15.2500,14.7193,14.7200,14323600
2018-06-26,15.1100,15.5500,15.0600,15.1700,7978600
2018-06-25,15.1700,15.2300,14.9400,15.0700,15972800
2018-06-22,15.4900,15.5200,15.2250,15.2400,9056600
2018-06-21,15.2000,15.4900,15.1400,15.4200,14506700
2018-06-20,15.9500,15.9900,15.1300,15.1500,14603800
2018-06-19,15.7000,15.9300,15.6700,15.9000,8432700
2018-06-18,15.8000,16.0600,15.6850,15.9100,12084700
2018-06-15,15.8000,15.9500,15.6200,15.9500,25030400
2018-06-14,15.8700,16.1200,15.7500,15.8200,11926600
2018-06-13,15.7608,15.8900,15.7000,15.7900,8437800
2018-06-12,15.9200,16.0000,15.7800,15.7900,9010600
2018-06-11,15.9600,16.1800,15.9600,16.0200,11639200
2018-06-08,15.8200,16.0200,15.7870,16.0100,7921400
2018-06-07,15.9800,16.0600,15.8200,15.9200,7794000
2018-06-06,16.1100,16.1100,15.7250,16.0200,12395000
2018-06-05,15.5000,16.1300,15.4500,16.0600,22398000
2018-06-04,15.5000,15.7400,15.3700,15.5400,12236800
2018-06-01,15.3300,15.5300,15.3200,15.5300,10896700
2018-05-31,15.5300,15.5900,15.1194,15.2400,14448100
2018-05-30,15.4700,15.6650,15.3200,15.5700,12024900
2018-05-29,15.4300,15.4860,15.2613,15.3800,9727000
2018-05-25,15.7500,15.8200,15.4400,15.5200,14411500
2018-05-24,15.5500,15.8100,15.1600,15.7600,29516000
2018-05-23,16.8500,16.9500,15.4500,15.5800,56055200
2018-05-22,17.5500,17.6800,17.4100,17.4100,14421200
2018-05-21,17.6600,17.7400,17.4800,17.5100,6196800
2018-05-18,17.6600,17.6700,17.4800,17.5600,6784900
2018-05-17,17.6800,17.7600,17.4350,17.6700,10602300
2018-05-16,17.4100,17.6800,17.3700,17.6300,15259900
2018-05-15,17.4800,17.5304,17.2850,17.4000,8365700
2018-05-14,17.7500,17.8200,17.5901,17.5900,8456000
2018-05-11,17.6600,17.7800,17.6100,17.6700,11498300
2018-05-10,17.6700,17.7000,17.5000,17.6500,12298200
2018-05-09,17.4000,17.6700,17.3400,17.6000,13013900
2018-05-08,17.2500,17.4300,17.2050,17.3900,12408100
2018-05-07,17.2400,17.4500,17.1900,17.3000,10486700
2018-05-04,16.8500,17.2550,16.7800,17.2100,6166900
2018-05-03,16.9900,17.0800,16.7497,16.9000,8031900
2018-05-02,17.1400,17.2600,17.0700,17.1200,6367900
2018-05-01,16.9900,17.2000,16.9500,17.1800,9651800
2018-04-30,17.3400,17.4600,17.0500,17.0500,12473400
2018-04-27,17.6400,17.6400,17.2400,17.3500,8836700
2018-04-26,17.3900,17.5153,17.2450,17.3900,10687300
2018-04-25,17.3000,17.4150,17.0200,17.3100,9302400
2018-04-24,17.5000,17.6800,17.2498,17.3600,10102900
2018-04-23,17.3800,17.5400,17.3050,17.4200,8083000
2018-04-20,17.4400,17.4500,17.1600,17.2900,7701600
2018-04-19,17.6500,17.6500,17.3800,17.4100,7789300
2018-04-18,17.7700,17.7800,17.6150,17.6800,9610200
2018-04-17,17.6800,17.8800,17.6200,17.7500,17144500
2018-04-16,17.4500,17.6700,17.3600,17.5600,16959600
2018-04-13,17.5100,17.5100,17.1800,17.4000,10062600
2018-04-12,17.3500,17.6000,17.3300,17.4100,13920700
2018-04-11,17.2000,17.3000,17.0910,17.2400,9828500
2018-04-10,17.0700,17.4000,17.0700,17.2500,15303200
2018-04-09,16.7300,17.2100,16.7300,16.8100,8445100
2018-04-06,17.0400,17.2200,16.6100,16.7000,14149100
2018-04-05,17.4200,17.4200,17.1200,17.2000,15104800
2018-04-04,16.8300,17.3100,16.7600,17.2500,13204000
2018-04-03,17.2500,17.3500,16.9600,17.1400,13363100
2018-04-02,17.4800,17.5200,16.9400,17.1200,10274600
2018-03-29,17.7000,17.7550,17.4550,17.5400,16009600
2018-03-28,17.6100,17.8000,17.4050,17.6600,14005200
2018-03-27,18.0900,18.1550,17.4550,17.5600,12146200
2018-03-26,17.9203,18.0300,17.5750,17.9900,11003500
2018-03-23,18.3700,18.4600,17.6300,17.6300,10561400
2018-03-22,18.5500,18.6450,18.3000,18.3200,10862300
2018-03-21,18.7800,18.8900,18.5704,18.7100,10902800
2018-03-20,18.7900,18.9300,18.6150,18.7800,11180300
2018-03-19,18.7000,18.8300,18.5000,18.7000,9447200
2018-03-16,18.8200,19.0100,18.6800,18.7900,21347600
2018-03-15,18.9000,18.9800,18.7800,18.8300,15291600
2018-03-14,18.9800,18.9900,18.7350,18.8500,11582800
2018-03-13,19.0900,19.2300,18.8600,18.8800,9001700
2018-03-12,19.1600,19.1750,19.0000,19.0700,10161300
2018-03-09,19.0700,19.2079,18.9800,19.1600,14564800
2018-03-08,19.2000,19.2300,18.8450,18.9500,10551000
2018-03-07,19.2408,19.3800,18.9800,19.1500,11056300
2018-03-06,19.0100,19.4750,19.0000,19.4100,11551400
2018-03-05,18.7700,19.1000,18.7400,18.9800,11720600
2018-03-02,18.2000,18.8000,18.1500,18.7800,14917400
2018-03-01,18.7000,18.8345,18.1400,18.4000,14072000
2018-02-28,18.9500,19.0700,18.5900,18.5900,17526900
2018-02-27,18.5000,19.1300,18.5000,18.8200,20981300
2018-02-26,18.0400,18.8000,18.0400,18.5500,25578200
2018-02-23,18.0100,18.1900,17.5600,18.1400,45018300
2018-02-22,16.4300,16.6700,16.2300,16.4100,16299400
2018-02-21,16.6000,16.6850,16.2200,16.2500,10906500
2018-02-20,16.4700,16.6850,16.4100,16.5200,9037500
2018-02-16,16.2994,16.5600,16.2100,16.3900,8506800
2018-02-15,16.2800,16.4800,16.0400,16.3500,8201600
2018-02-14,15.4100,16.2200,15.3501,16.1500,14008300
2018-02-13,15.6300,15.6300,15.3100,15.4700,13734800
2018-02-12,15.4200,15.8500,15.3600,15.7500,7683600
2018-02-09,15.1995,15.4150,14.6550,15.3000,16716000
2018-02-08,15.5300,15.6800,15.0400,15.0400,12061000
2018-02-07,15.6700,15.7850,15.3300,15.5600,13112600
2018-02-06,15.2700,15.8150,14.9612,15.7300,16226800
2018-02-05,16.5300,16.6500,15.6500,15.6600,15838100
2018-02-02,16.6600,16.9300,16.5200,16.6500,13334000
2018-02-01,16.4000,16.8800,16.3217,16.7900,13494800
2018-01-31,16.5900,16.6900,16.3100,16.4000,12419400
2018-01-30,16.8500,16.9060,16.3950,16.5400,11202300
2018-01-29,16.6600,17.0650,16.6200,16.9700,10537100
2018-01-26,16.5500,16.8400,16.5500,16.7100,9762400
2018-01-25,16.7104,16.8400,16.4500,16.4800,7765500
2018-01-24,16.7100,16.8900,16.6007,16.6800,11806000
2018-01-23,16.2800,16.7200,16.2000,16.6700,14447000
2018-01-22,16.0500,16.0800,15.9000,16.0500,9415500
2018-01-19,15.9700,16.0900,15.9100,16.0800,9139500
2018-01-18,16.0300,16.1000,15.9400,15.9700,9774600
2018-01-17,15.8600,16.1000,15.8214,16.0700,9450300
2018-01-16,15.8200,15.9150,15.7150,15.8100,9664400
2018-01-12,15.4500,15.8708,15.4200,15.8100,15520700
2018-01-11,15.2000,15.4900,15.1700,15.4500,8239900
2018-01-10,14.7600,15.3100,14.7600,15.1900,10171300
2018-01-09,14.8485,14.9800,14.8100,14.8500,14481200
2018-01-08,14.9500,14.9700,14.6453,14.8200,13052100
2018-01-05,15.0601,15.1900,14.9600,15.0500,12539400
2018-01-04,14.7000,15.0700,14.6550,15.0600,11333500
2018-01-03,14.6000,14.7500,14.5400,14.7000,7907200
2018-01-02,14.4300,14.6300,14.3800,14.6100,7155700
2017-12-29,14.6700,14.6700,14.3600,14.3600,7097200
2017-12-28,14.6900,14.7000,14.5550,14.6100,3686400
2017-12-27,14.7200,14.7500,14.6100,14.6700,3260500
2017-12-26,14.6900,14.7850,14.6700,14.7400,2882800
2017-12-22,14.7100,14.8200,14.6800,14.7100,4171700
2017-12-21,14.7100,14.8500,14.6650,14.7200,7888300
2017-12-20,14.7900,14.7900,14.6350,14.7100,9259700
2017-12-19,14.8800,14.9000,14.7400,14.8000,9792600
2017-12-18,14.4500,14.9300,14.4300,14.9000,12653300
2017-12-15,14.2900,14.4800,14.2550,14.4100,20251000
2017-12-14,14.3000,14.3800,14.2200,14.2400,7601000
2017-12-13,14.4600,14.5500,14.3194,14.3200,8640800
2017-12-12,14.4500,14.5700,14.3500,14.5000,12199800
2017-12-11,14.2500,14.5900,14.2300,14.5800,11132200
2017-12-08,14.2300,14.3900,14.2299,14.3400,8114600
2017-12-07,14.2000,14.2700,14.1250,14.2200,6818700
2017-12-06,14.0200,14.2300,13.9900,14.1600,7091000
2017-12-05,14.1100,14.1700,14.0000,14.0800,11892800
2017-12-04,14.4400,14.5200,14.1900,14.2300,11095700
2017-12-01,13.9000,14.4650,13.7500,14.4400,18544200
2017-11-30,13.9900,14.1700,13.9200,13.9500,15101600
2017-11-29,13.9500,14.3000,13.7900,13.9700,12094000
2017-11-28,13.4700,13.9500,13.4050,13.8800,16054700
2017-11-27,13.2100,13.5410,13.1500,13.4700,13862700
2017-11-24,13.2100,13.3900,13.1500,13.3200,8555500
2017-11-22,13.2000,13.4000,12.8150,13.1000,41931400
2017-11-21,14.1000,14.3100,14.0800,14.1200,13733900
2017-11-20,13.6800,14.1100,13.6600,14.0900,12408800
2017-11-17,13.3000,13.6900,13.2500,13.6800,12897100
2017-11-16,13.2100,13.4200,13.2100,13.2700,14822100
2017-11-15,13.2000,13.3200,13.1000,13.1600,12002200
2017-11-14,13.3800,13.4800,13.2300,13.2700,11350600
2017-11-13,13.6700,13.6950,13.4700,13.4800,14572600
2017-11-10,13.7200,13.7500,13.6000,13.7000,4517900
2017-11-09,13.4800,13.7500,13.4700,13.7200,6230900
2017-11-08,13.5600,13.5900,13.4600,13.5400,7751800
2017-11-07,13.6000,13.7400,13.5200,13.5700,7362300
2017-11-06,13.4600,13.6300,13.2400,13.6300,9582500
2017-11-03,13.6200,13.6300,13.4000,13.5000,9542900
2017-11-02,13.5700,13.6600,13.4850,13.6300,17522400
2017-11-01,13.9400,13.9400,13.4700,13.6000,15500000
2017-10-31,14.0200,14.0550,13.8750,13.9200,10261900
2017-10-30,14.2299,14.2800,13.9100,13.9800,11940100
2017-10-27,14.2700,14.3400,14.1800,14.2800,7034100
2017-10-26,14.2100,14.3100,14.0800,14.2500,7007000
2017-10-25,14.2800,14.2895,13.8800,14.0800,15537300
2017-10-24,14.2500,14.4750,14.2300,14.3100,8236600
2017-10-23,14.0900,14.3250,14.0600,14.2500,8558400
2017-10-20,13.8800,14.1850,13.8000,14.0400,12664400
2017-10-19,14.5000,14.5300,13.8000,13.8600,23836500
2017-10-18,14.6700,14.8000,14.6649,14.7000,6827100
2017-10-17,14.8400,14.8900,14.5450,14.6100,12841100
2017-10-16,14.8800,14.9600,14.8100,14.8600,6351400
2017-10-13,14.6500,15.0600,14.6389,14.8900,9941500
2017-10-12,14.9304,14.9400,14.7300,14.8000,8238400
2017-10-11,14.9400,15.0400,14.8500,14.9400,10469600
2017-10-10,14.8200,15.0300,14.8100,14.9600,9359400
2017-10-09,14.8400,14.9700,14.7700,14.8000,6254600
2017-10-06,14.7900,14.8500,14.5800,14.8000,11827300
2017-10-05,14.8400,14.9600,14.7600,14.8300,7074400
2017-10-04,14.7000,14.8900,14.5500,14.8000,7636300
2017-10-03,14.9700,14.9870,14.6200,14.6900,10203600
2017-10-02,14.6800,15.0000,14.6500,14.9700,13719600
2017-09-29,14.6000,14.7500,14.5400,14.7100,6736900
2017-09-28,14.8400,14.9400,14.5650,14.5700,11473100
2017-09-27,14.8900,15.1200,14.8200,14.8500,22027400
2017-09-26,14.7400,15.0800,14.6900,14.8900,25926100
2017-09-25,14.1900,14.7200,14.1700,14.7000,29532200
2017-09-22,13.8600,14.2900,13.8200,14.2600,22932500
2017-09-21,13.6000,13.9000,13.5100,13.7900,22598600
2017-09-20,13.5800,13.6800,13.5000,13.6300,17348000
2017-09-19,13.5600,13.6400,13.4700,13.4900,10087500
2017-09-18,13.5716,13.7200,13.5100,13.5400,12586100
2017-09-15,13.3700,13.5600,13.3200,13.5200,15606000
2017-09-14,13.1800,13.5300,13.1307,13.4700,16071700
2017-09-13,13.0800,13.2500,12.9700,13.2300,24975000
2017-09-12,13.3600,13.4100,12.9900,13.1200,19398000
2017-09-11,13.3000,13.4700,13.2400,13.3500,16505900
2017-09-08,13.2892,13.3850,13.0600,13.1200,24308700
2017-09-07,13.7300,13.7699,13.2500,13.2500,27036800
2017-09-06,14.2900,14.3200,13.6000,13.7700,40580300
2017-09-05,14.2000,14.4000,13.8300,14.0400,26755900
2017-09-01,14.1300,14.3900,13.8200,14.3100,22355800
2017-08-31,17.9800,18.1350,17.9500,18.0600,14603000
2017-08-30,17.8800,17.9900,17.7750,17.9800,8092300
2017-08-29,17.6500,17.9456,17.5800,17.9200,7612400
2017-08-28,17.9800,17.9800,17.6750,17.7900,9661100
2017-08-25,17.9900,18.1400,17.8043,17.9500,11647100
2017-08-24,17.7200,18.0591,17.6600,17.9500,8553900
2017-08-23,17.5500,17.7500,17.5300,17.7100,9091300
2017-08-22,17.3600,17.7000,17.3500,17.6700,7026400
2017-08-21,17.2000,17.3500,17.0800,17.3100,7851500
2017-08-18,17.2604,17.4000,17.0900,17.1800,12322800
2017-08-17,17.5200,17.6800,17.3000,17.3000,11823900
2017-08-16,17.7400,17.8700,17.5250,17.6000,6336300
2017-08-15,17.5600,17.8400,17.5300,17.7500,10719900
2017-08-14,17.4900,17.8500,17.4600,17.5800,10254100
2017-08-11,17.2000,17.3700,17.1550,17.3000,6805200
2017-08-10,17.6000,17.6000,17.0700,17.1200,12069000
2017-08-09,17.5500,17.7000,17.4408,17.6400,8984800
2017-08-08,17.5900,17.7000,17.5200,17.6300,10173900
2017-08-07,17.4900,17.6450,17.4500,17.6300,5909200
2017-08-04,17.2900,17.5700,17.2900,17.5100,8123900
2017-08-03,17.3400,17.3600,17.1600,17.2900,8584800
2017-08-02,17.5900,17.6400,17.2700,17.3500,10271600
2017-08-01,17.5500,17.6000,17.4450,17.5500,9943300
2017-07-31,17.6000,17.7450,17.5000,17.5100,11294300
2017-07-28,17.5000,17.5500,17.2900,17.5100,11777500
2017-07-27,17.7000,17.7000,17.3950,17.5500,13184400
2017-07-26,17.9000,17.9600,17.5500,17.6100,10281300
2017-07-25,17.8400,18.0100,17.7400,17.8800,9928100
2017-07-24,17.9800,18.1000,17.7900,17.8400,14075200
2017-07-21,17.8595,18.0300,17.7700,18.0100,15243700
2017-07-20,17.6700,17.9300,17.6500,17.9000,18859600
2017-07-19,17.2500,17.7100,17.2500,17.6700,17298100
2017-07-18,17.2000,17.2500,17.0500,17.1500,13542700
2017-07-17,17.1900,17.3200,17.0943,17.2300,9965300
2017-07-14,17.1000,17.2300,17.0200,17.1900,7901000
2017-07-13,16.7900,17.1600,16.7600,17.0900,17708900
2017-07-12,16.7500,16.8500,16.5750,16.7900,13454100
2017-07-11,16.7100,16.8500,16.5700,16.7800,11760400
2017-07-10,16.6100,16.8350,16.6000,16.7400,13109900
2017-07-07,16.5200,16.6500,16.4000,16.6100,17037600
2017-07-06,16.8500,16.9200,16.4200,16.4800,18738000
2017-07-05,16.7200,16.9900,16.7100,16.9400,13925000
2017-07-03,16.6700,16.8900,16.6700,16.6700,5886300
2017-06-30,16.7300,16.8000,16.5800,16.5900,11318000
2017-06-29,16.7500,16.8000,16.3700,16.6500,16378100
2017-06-28,16.5900,16.9600,16.5000,16.9000,13041300
2017-06-27,16.7400,16.7900,16.5000,16.5000,12662700
2017-06-26,16.8700,16.9800,16.7900,16.8100,14030600
2017-06-23,16.7500,17.0000,16.6600,16.8500,22420400
2017-06-22,16.5400,16.7498,16.5000,16.6800,12152300
2017-06-21,16.7000,16.7900,16.5400,16.5700,13225000
2017-06-20,16.6907,16.7400,16.4800,16.6400,17374400
2017-06-19,16.5100,16.7700,16.5100,16.7200,14374000
2017-06-16,16.5800,16.6100,16.4400,16.4900,19348500
2017-06-15,16.7000,16.7600,16.4700,16.5200,23054200
2017-06-14,16.8500,16.9500,16.6500,16.7400,14685100
2017-06-13,16.8200,16.9700,16.8000,16.8800,15699600
2017-06-12,16.8900,16.9800,16.5600,16.8500,14894600
2017-06-09,17.0400,17.3200,16.8050,16.9900,13561600
2017-06-08,17.0900,17.1200,16.9800,17.0500,13795200
2017-06-07,17.0300,17.2400,17.0100,17.0400,18744700
2017-06-06,17.1400,17.1900,17.0300,17.0300,17818400
2017-06-05,17.3400,17.3500,17.1300,17.1600,20008600
2017-06-02,17.3400,17.5800,16.9500,17.4000,38591100
2017-06-01,18.3500,18.3700,17.4700,17.5200,50115000
2017-05-31,18.8000,18.8750,18.5600,18.8100,30786400
2017-05-30,18.7800,18.9300,18.6900,18.8500,22861700
2017-05-26,18.8500,18.8900,18.7400,18.8300,17319700
2017-05-25,18.9700,19.0000,18.8100,18.8400,23348000
2017-05-24,18.8400,18.9800,18.7800,18.9100,15162100
2017-05-23,18.8700,18.9000,18.7500,18.8600,17918200
2017-05-22,18.5202,18.8500,18.5100,18.7900,17436500
2017-05-19,18.8400,19.0000,18.4700,18.5300,25988800
2017-05-18,18.6500,18.9603,18.5200,18.7800,16026500
2017-05-17,18.9300,19.0250,18.7200,18.8000,16809500
2017-05-16,19.0000,19.1600,18.9150,19.1100,12260800
2017-05-15,18.9000,19.1300,18.8700,18.9900,13808900
2017-05-12,18.8800,19.0200,18.8400,18.8800,12393000
2017-05-11,18.9200,19.0550,18.8050,18.8600,16039500
2017-05-10,18.7900,19.0000,18.7500,19.0000,14653800
2017-05-09,18.8700,18.9686,18.6350,18.7800,21023200
2017-05-08,18.8400,18.9500,18.7600,18.8900,11736300
2017-05-05,18.8400,18.8500,18.6700,18.8300,16416700
2017-05-04,18.7500,18.8000,18.6100,18.7500,8458500
2017-05-03,18.6600,18.7700,18.5701,18.6700,14169500
2017-05-02,18.7200,18.8400,18.6600,18.7000,10110100
2017-05-01,18.6900,18.8300,18.6400,18.7300,10576100
2017-04-28,18.6200,18.6998,18.4900,18.6300,11964300
2017-04-27,18.6004,18.6600,18.4300,18.6300,17807200
2017-04-26,18.5000,18.7800,18.4200,18.6100,14089000
2017-04-25,18.4900,18.5900,18.4200,18.5200,11001300
2017-04-24,18.2500,18.5400,18.2050,18.4400,18105900
2017-04-21,18.3000,18.3150,18.0210,18.1400,15784000
2017-04-20,18.2300,18.4100,18.1750,18.3300,13204300
2017-04-19,18.1500,18.2900,18.0900,18.1600,9413500
2017-04-18,18.0800,18.2000,17.9840,18.1300,10324700
2017-04-17,18.0200,18.1300,17.9800,18.1100,10234600
2017-04-13,18.0100,18.1600,17.9400,17.9900,20986700
2017-04-12,18.3300,18.3400,17.9400,18.0500,17688900
2017-04-11,18.2618,18.3500,18.0900,18.1800,14620900
2017-04-10,18.3400,18.5100,18.2400,18.3000,28411100
2017-04-07,17.9500,18.4500,17.9100,18.2800,36280900
2017-04-06,17.9800,18.1300,17.9100,18.0200,15977100
2017-04-05,17.9800,18.1000,17.7800,17.9000,24502600
2017-04-04,17.4000,17.9100,17.3500,17.9000,24554400
2017-04-03,18.0000,18.0600,17.3100,17.5700,41268100
2017-03-31,23.4300,24.0000,23.4300,23.7000,24476100
2017-03-30,23.6000,23.8200,23.5200,23.6200,15394600
2017-03-29,23.0000,23.9300,22.9050,23.6700,29644200
2017-03-28,22.6900,23.2115,22.6300,23.0100,14496900
2017-03-27,22.5516,22.8500,22.3800,22.7200,11508400
2017-03-24,22.8600,23.2400,22.6300,22.7700,15784300
2017-03-23,22.4500,22.9600,22.3800,22.8000,16796100
2017-03-22,22.2200,22.5500,22.1000,22.5000,15644300
2017-03-21,22.9500,23.0800,22.2000,22.2500,27868800
2017-03-20,22.7700,23.0650,22.6600,22.9500,14750100
2017-03-17,22.6500,22.9900,22.5100,22.8500,21287000
2017-03-16,22.7000,22.8600,22.5000,22.6400,17717900
2017-03-15,22.2300,22.8500,22.1100,22.6900,24111600
2017-03-14,22.2400,22.3300,22.0200,22.2300,17357500
2017-03-13,22.1900,22.4300,22.1700,22.3200,17357500
2017-03-10,22.5300,22.6900,22.2000,22.3700,19189300
2017-03-09,22.5300,22.6900,22.3800,22.4700,18977100
2017-03-08,22.8000,22.8509,22.5700,22.6200,21858200
2017-03-07,22.9700,23.1900,22.6993,22.8200,23911500
2017-03-06,22.8500,23.1300,22.8300,23.0700,26772600
2017-03-03,22.9100,23.2700,22.8800,23.0500,19903300
2017-03-02,23.1200,23.2100,22.8400,22.9500,18544300
2017-03-01,23.0100,23.3000,22.9300,23.1800,22835600
2017-02-28,22.0700,22.8750,22.0000,22.8200,31589500
2017-02-27,22.7600,22.7600,22.2700,22.3100,32711900
2017-02-24,22.1250,22.9800,22.1000,22.9600,80662700
2017-02-23,24.8300,24.8600,24.5000,24.6600,22893200
2017-02-22,24.5400,24.8800,24.5000,24.7800,13138300
2017-02-21,24.4000,24.7000,24.3606,24.6600,16285300
2017-02-17,24.2484,24.4200,24.1300,24.4000,13047600
2017-02-16,24.3700,24.4800,24.2100,24.3300,11783300
2017-02-15,24.2189,24.4400,24.0900,24.3800,11762300
2017-02-14,24.0800,24.1500,23.9600,24.1400,16786500
2017-02-13,24.0200,24.2300,23.9575,24.1200,11127900
2017-02-10,24.0800,24.2600,23.9800,23.9900,14299600
2017-02-09,23.6900,24.1200,23.5600,24.0800,12060500
2017-02-08,23.6200,23.8800,23.5500,23.6300,10469000
2017-02-07,23.5400,23.7950,23.5200,23.6900,11192300
2017-02-06,23.3500,23.6604,23.3100,23.5400,9451400
2017-02-03,22.7497,23.5800,22.7500,23.5000,23112600
2017-02-02,22.2600,22.7350,22.2595,22.6900,14275200
2017-02-01,22.7300,22.7800,22.3700,22.5900,16757600
2017-01-31,22.1400,22.6900,21.8400,22.6800,21481800
2017-01-30,22.4900,22.4900,21.9900,22.1500,16078800
2017-01-27,22.7300,22.8000,22.4800,22.5500,11716800
2017-01-26,22.9600,23.0900,22.6200,22.6200,10554700
2017-01-25,23.0200,23.1400,22.8350,22.9800,12552900
2017-01-24,22.7100,23.0900,22.6600,22.8900,14144500
2017-01-23,22.8200,22.9300,22.3900,22.5700,15614500
2017-01-20,22.7900,22.9000,22.6400,22.8800,15579200
2017-01-19,22.7900,22.8800,22.6800,22.7700,9976600
2017-01-18,22.7700,22.9900,22.5900,22.8600,14536000
2017-01-17,22.8300,22.9900,22.6350,22.6900,10155500
2017-01-13,22.7500,23.0508,22.7400,22.9400,9905100
2017-01-12,22.7300,22.8400,22.4250,22.7500,14234400
2017-01-11,22.9200,22.9800,22.6100,22.7600,15961500
2017-01-10,22.6900,23.0100,22.5100,22.9500,23212800
2017-01-09,23.1400,23.1830,22.5100,22.5600,24591200
2017-01-06,23.5700,23.5700,22.4100,23.1000,25019600
2017-01-05,23.4500,23.5800,23.3300,23.5600,19883000
2017-01-04,23.3000,23.7100,23.2400,23.4500,11969000
2017-01-03,23.1900,23.4700,22.9813,23.2000,13861700
2016-12-30,23.2300,23.4500,23.0300,23.1400,10862200
2016-12-29,23.2800,23.4700,23.1800,23.3400,8858700
2016-12-28,23.8200,23.8200,23.2900,23.3000,11347500
2016-12-27,23.8112,23.9000,23.6200,23.7400,6512000
2016-12-23,23.7700,23.8400,23.6800,23.8200,10125700
2016-12-22,23.9100,23.9900,23.5200,23.7600,11015700
2016-12-21,23.8400,24.0400,23.7950,23.8900,9327700
2016-12-20,23.7700,23.9800,23.6500,23.8400,15602000
2016-12-19,23.4200,23.9000,23.4186,23.7300,11699600
2016-12-16,23.6300,23.7851,23.3800,23.4900,35485000
2016-12-15,23.8500,23.8700,23.6700,23.7300,27706200
2016-12-14,23.7400,24.3800,23.7300,23.9200,16920100
2016-12-13,23.8379,24.2200,23.7500,23.9300,18690500
2016-12-12,24.0900,24.2200,23.7000,23.9000,21249800
2016-12-09,24.5600,24.7700,24.3200,24.5100,22907500
2016-12-08,24.6500,24.7900,24.5100,24.6400,12216200
2016-12-07,23.8400,24.7900,23.8100,24.6800,28028700
2016-12-06,24.1600,24.1800,23.8900,23.9600,16941100
2016-12-05,23.9200,24.2200,23.8300,24.2100,17673800
2016-12-02,23.3600,23.9000,23.3400,23.8500,12629100
2016-12-01,23.7800,23.9000,23.3300,23.3700,20974300
2016-11-30,23.7900,23.8950,23.6300,23.8000,24902000
2016-11-29,23.2200,23.9000,23.2200,23.7400,24233000
2016-11-28,22.9700,23.3900,22.8800,23.3400,37604300
2016-11-25,23.0200,23.3882,22.7100,23.2200,18320000
2016-11-23,22.7000,23.6300,22.4700,23.5500,37097600
2016-11-22,23.1000,23.3400,22.6050,22.8700,41580100
2016-11-21,23.4200,23.5500,22.8100,23.1200,40098200
2016-11-18,23.6890,23.8500,23.2700,23.3100,28549500
2016-11-17,23.4700,23.6700,23.2586,23.6000,18754800
2016-11-16,23.3100,23.6500,23.2100,23.5300,19870700
2016-11-15,23.4700,23.5300,23.1376,23.4100,25421900
2016-11-14,23.3500,23.6200,23.0700,23.3500,21289300
2016-11-11,23.0200,23.3800,22.9200,23.3100,16257100
2016-11-10,23.3500,23.6893,22.9100,23.0700,22441600
2016-11-09,22.4400,23.5500,22.3600,23.2300,26421600
2016-11-08,23.1100,23.4900,22.8900,23.2400,22013900
2016-11-07,22.3800,23.1900,22.3700,23.1100,18590000
2016-11-04,21.6385,22.3990,21.5200,22.0400,13275900
2016-11-03,22.0700,22.1800,21.7600,21.8000,12041500
2016-11-02,22.0400,22.1700,21.8700,22.0200,14294800
2016-11-01,22.4200,22.5600,21.7700,22.0800,12696200
2016-10-31,22.2508,22.5200,22.2200,22.4700,14006700
2016-10-28,22.2000,22.4900,22.0000,22.1700,12916500
2016-10-27,21.8800,22.3900,21.8800,22.1900,21757400
2016-10-26,21.5300,21.8100,21.4713,21.8000,13082500
2016-10-25,21.6500,21.7000,21.3900,21.6000,15908500
2016-10-24,21.6800,21.7900,21.5900,21.6800,15560800
2016-10-21,21.7000,21.7300,21.4500,21.6300,20590300
2016-10-20,21.6300,21.9100,21.5400,21.8800,18222800
2016-10-19,21.6100,21.9700,21.5509,21.7300,30091800
2016-10-18,21.5400,21.5900,21.1000,21.4700,20106300
2016-10-17,21.5000,21.6900,21.2100,21.2700,20037200
2016-10-14,21.5400,21.9500,21.4750,21.5300,23332900
2016-10-13,21.7800,21.9500,21.4600,21.7600,23763600
2016-10-12,22.0800,22.1200,21.8000,22.0000,13356200
2016-10-11,22.5000,22.5000,21.8950,21.9800,17394200
2016-10-10,22.4800,22.6900,22.4400,22.5000,15833100
2016-10-07,22.6700,22.7000,22.1700,22.3400,16110500
2016-10-06,22.7400,22.8500,22.6300,22.6800,11269900
2016-10-05,22.4600,22.8700,22.4600,22.8000,12511100
2016-10-04,22.6800,22.9300,22.2600,22.3900,15717000
2016-10-03,22.5900,22.8350,22.5500,22.6500,20113200
2016-09-30,23.0800,23.2900,22.5900,22.7500,27890300
2016-09-29,22.9600,23.3100,22.8750,22.9000,15577000
2016-09-28,23.0000,23.1900,22.8200,23.0400,12168800
2016-09-27,22.6900,23.0250,22.5610,22.9200,22581800
2016-09-26,22.8600,22.9650,22.6400,22.7900,13948600
2016-09-23,23.1300,23.2650,22.9100,22.9800,12469000
2016-09-22,23.1400,23.5300,23.1400,23.2400,17617000
2016-09-21,22.6000,23.1200,22.5700,23.1200,18368700
2016-09-20,22.7550,22.9450,22.6200,22.6200,16634900
2016-09-19,22.3700,23.0000,22.3600,22.6800,20660200
2016-09-16,22.0700,22.3218,21.9600,22.2600,28129400
2016-09-15,21.3200,22.1400,21.2900,22.1300,22183400
2016-09-14,21.1300,21.4150,21.0900,21.3600,18886100
2016-09-13,21.1000,21.3700,21.0500,21.1600,20650900
2016-09-12,20.7200,21.4150,20.6300,21.2900,21937300
2016-09-09,21.1500,21.4700,20.9200,20.9200,27124500
2016-09-08,22.0000,22.2000,21.3200,21.3800,50322900
2016-09-07,22.0100,22.3200,21.5100,22.0900,35346700
2016-09-06,22.1800,22.1800,21.7503,21.8600,14693100
2016-09-02,22.1700,22.3000,21.9400,22.2100,11299600
2016-09-01,21.4300,22.3200,21.0812,22.1600,32542600
2016-08-31,21.5400,21.6800,21.1600,21.4800,16448100
2016-08-30,21.9300,21.9600,21.4500,21.5800,15767100
2016-08-29,21.7600,22.1300,21.7300,21.8400,10135500
2016-08-26,21.9000,22.0900,21.6100,21.7800,9102400
2016-08-25,21.6300,21.9350,21.4500,21.8400,12335300
2016-08-24,21.9200,22.0500,21.6700,21.6900,7765100
2016-08-23,22.0300,22.0700,21.8750,21.9300,13619000
2016-08-22,21.8200,21.9750,21.6300,21.9400,7638400
2016-08-19,21.7800,21.9600,21.7400,21.8800,10394300
2016-08-18,21.5400,21.8900,21.5404,21.8600,11558800
2016-08-17,22.0600,22.1900,21.4800,21.6400,16809000
2016-08-16,21.9000,22.1700,21.8100,22.0700,10498100
2016-08-15,21.9300,22.1900,21.9000,22.0100,12316500
2016-08-12,21.6800,21.9600,21.4950,21.8900,18171200
2016-08-11,21.5900,21.8600,21.5200,21.7800,13035900
2016-08-10,21.7300,21.7500,21.4300,21.5500,9788900
2016-08-09,21.7300,21.8600,21.6200,21.7000,13865200
2016-08-08,22.0000,22.1700,21.5800,21.6500,13379300
2016-08-05,21.8400,22.2000,21.7700,21.9100,16329900
2016-08-04,21.4800,21.9200,21.4600,21.7600,15358400
2016-08-03,20.7700,21.5200,20.6800,21.5100,23912300
2016-08-02,21.0300,21.1000,20.6447,20.7700,18970300
2016-08-01,21.1400,21.5900,20.6300,21.0800,23908200
2016-07-29,20.3200,21.9000,20.0998,21.0200,54130200
2016-07-28,20.3000,20.4302,20.1500,20.3100,7497200
2016-07-27,20.5000,20.6650,20.2580,20.3500,11275200
2016-07-26,20.1900,20.4600,20.1450,20.4500,13674200
2016-07-25,20.3500,20.4900,20.1900,20.2100,16714900
2016-07-22,19.8200,20.0500,19.7400,20.0500,14395000
2016-07-21,20.0292,20.1600,19.7050,19.7500,15580200
2016-07-20,19.8003,20.0800,19.7250,20.0600,9143000
2016-07-19,19.6900,19.9400,19.6800,19.7900,9522700
2016-07-18,19.7200,19.9800,19.6500,19.7900,10118300
2016-07-15,20.0800,20.1700,19.6900,19.7700,15047000
2016-07-14,19.6200,20.1660,19.6200,19.9900,25670900
2016-07-13,19.6900,19.7600,19.3000,19.5000,11816000
2016-07-12,19.4300,19.9000,19.4300,19.6900,22280200
2016-07-11,19.1500,19.4650,19.1400,19.3400,17483700
2016-07-08,18.7600,19.0400,18.5750,19.0400,18751400
2016-07-07,18.3400,18.7100,18.3400,18.4700,10799800
2016-07-06,18.0000,18.4300,17.9200,18.4000,12498900
2016-07-05,18.3900,18.4300,17.9400,18.2000,10555200
2016-07-01,18.4700,18.6400,18.1500,18.4900,15361900
2016-06-30,17.9200,18.5000,17.8800,18.2700,21494300
2016-06-29,17.7400,17.9100,17.6050,17.7800,14211600
2016-06-28,17.5000,17.5800,17.1050,17.4000,23461000
2016-06-27,18.0000,18.0100,16.9650,17.2000,31383400
2016-06-24,18.6100,19.0788,18.1100,18.1600,43737700
2016-06-23,19.3700,19.6900,19.3400,19.6500,17522700
2016-06-22,19.6600,19.7600,19.1900,19.2100,18191900
2016-06-21,19.4100,19.8500,19.2607,19.7600,19885600
2016-06-20,19.2200,19.6100,19.1600,19.3800,27304300
2016-06-17,18.5900,19.0100,18.4900,18.9400,28631900
2016-06-16,18.6800,18.8300,18.5750,18.6600,21213200
2016-06-15,18.4300,19.0600,18.4100,18.8000,20590800
2016-06-14,18.4700,18.6400,18.2150,18.3100,24700400
2016-06-13,19.0100,19.1500,18.5800,18.6000,17458700
2016-06-10,19.3100,19.3300,18.9000,19.1200,16914200
2016-06-09,19.3900,19.6500,19.3300,19.5500,16130800
2016-06-08,19.2700,19.6200,19.2000,19.3500,27220300
2016-06-07,18.8400,19.2450,18.7700,19.1600,24580100
2016-06-06,18.2800,18.9700,18.2800,18.9000,22094100
2016-06-03,18.4000,18.5000,18.2800,18.3500,15976100
2016-06-02,18.1400,18.5300,18.1000,18.5000,23508300
2016-06-01,18.3100,18.3791,18.1400,18.2900,21150900
2016-05-31,18.0000,18.4700,17.7600,18.4700,42932800
2016-05-27,17.4600,18.3412,17.4600,18.2600,39501400
2016-05-26,17.0000,17.6900,16.8400,17.3900,37392900
2016-05-25,18.3300,18.5000,17.1200,17.3500,75418400
2016-05-24,16.1000,16.3400,15.9900,16.2500,21613600
2016-05-23,15.8800,16.2700,15.8700,16.0700,14882500
2016-05-20,15.7600,15.9900,15.6600,15.8700,15455400
2016-05-19,15.5100,15.7900,15.3800,15.7800,11501700
2016-05-18,15.7900,15.9300,15.5150,15.6700,11315200
2016-05-17,15.8800,16.2000,15.6900,15.8200,25107300
2016-05-16,15.7600,16.0950,15.7100,15.9600,15174200
2016-05-13,15.9000,16.1137,15.6900,15.7700,11680700
2016-05-12,16.0900,16.1400,15.8540,15.9000,9321700
2016-05-11,15.8900,16.3542,15.8800,16.0200,11132300
2016-05-10,15.8900,15.9000,15.6100,15.8900,8192700
2016-05-09,15.7100,15.9600,15.6700,15.8600,8505200
2016-05-06,15.6300,15.8600,15.5600,15.7800,8574500
2016-05-05,15.9500,15.9700,15.6400,15.7200,6054900
2016-05-04,15.8000,16.0000,15.6800,15.9300,11420700
2016-05-03,16.2300,16.2500,15.7800,15.9300,19039000
2016-05-02,16.6600,16.7500,16.2800,16.4000,14557900
2016-04-29,16.8900,16.9100,16.5100,16.6600,12195300
2016-04-28,17.1700,17.3850,16.9200,17.0300,8237200
2016-04-27,17.3000,17.5200,17.2500,17.3100,10948800
2016-04-26,17.2500,17.4650,17.2300,17.3600,10813800
2016-04-25,17.3600,17.4100,16.8200,17.2100,10051600
2016-04-22,17.4400,17.7000,17.3300,17.4900,13692100
2016-04-21,17.3400,17.7400,17.3200,17.4600,10272200
2016-04-20,17.0700,17.5000,17.0700,17.4000,9359900
2016-04-19,17.4600,17.4800,17.1500,17.2400,11079800
2016-04-18,17.2100,17.4836,17.1400,17.4400,9740800
2016-04-15,17.4100,17.4799,16.8500,17.4000,20409100
2016-04-14,17.3600,17.4001,17.0600,17.2600,11503900
2016-04-13,17.2900,17.5100,17.1499,17.5000,14182800
2016-04-12,17.7100,17.7600,17.1800,17.2400,15119900
2016-04-11,17.9500,18.0600,17.6600,17.7300,10114200
2016-04-08,17.8500,18.2950,17.8100,17.8900,12525200
2016-04-07,17.7900,18.0400,17.6250,17.7400,16196800
2016-04-06,17.6500,17.9800,17.4600,17.9600,17879800
2016-04-05,17.8700,17.9100,17.5600,17.6100,14280500
2016-04-04,18.4500,18.4500,17.9300,18.0400,13191400
2016-04-01,17.6100,18.5450,17.5578,18.4000,25550000
2016-03-31,17.8400,17.9600,17.5100,17.7300,17876200
2016-03-30,17.7200,17.9150,17.6300,17.8900,18156300
2016-03-29,17.3700,17.6800,17.2200,17.6500,10197000
2016-03-28,17.4794,17.6650,17.2200,17.5100,9518600
2016-03-24,17.4100,17.6400,17.1100,17.5700,15261200
2016-03-23,17.5200,17.5700,17.0900,17.4600,19674300
2016-03-22,17.4100,18.0800,17.3400,17.5100,19474000
2016-03-21,17.3300,17.9400,17.3000,17.7100,18463100
2016-03-18,17.1700,17.5800,17.0800,17.3300,53273300
2016-03-17,17.1300,17.3300,16.9600,17.1600,18699200
2016-03-16,16.7100,17.2300,16.5991,17.1900,21530900
2016-03-15,16.3600,16.8800,16.2500,16.7700,23974400
2016-03-14,16.2000,16.5700,16.0400,16.4100,16641800
2016-03-11,16.0000,16.4400,16.0000,16.3300,26984400
2016-03-10,15.5500,16.2100,15.5200,15.9000,24578200
2016-03-09,15.3400,15.8350,15.3000,15.4900,19045400
2016-03-08,15.7500,15.7900,15.2050,15.2300,21215200
2016-03-07,15.1300,15.9900,15.0600,15.9700,31792700
2016-03-04,14.9000,15.8408,14.8200,15.4400,57415700
2016-03-03,13.9100,13.9500,13.2800,13.6000,17256400
2016-03-02,13.3800,14.0500,13.3500,13.9000,17234100
2016-03-01,13.4200,13.4700,13.0900,13.2800,14373700
2016-02-29,13.3100,13.4800,13.2000,13.2700,21932300
2016-02-26,13.7800,13.8000,13.1500,13.4400,18624500
2016-02-25,13.4500,13.7100,13.2400,13.6800,20784000
2016-02-24,13.0000,13.5700,12.8200,13.5300,22757500
2016-02-23,13.7200,13.8187,12.8400,13.0900,25200900
2016-02-22,13.7500,13.8800,13.5700,13.8000,18505500
2016-02-19,13.5100,13.7400,13.2500,13.6700,16197900
2016-02-18,13.0500,13.7000,13.0206,13.5300,20189000
2016-02-17,12.3900,13.1350,12.3700,13.0200,14910600
2016-02-16,12.4100,12.4900,12.2700,12.3300,20606800
2016-02-12,12.5000,12.7900,12.1800,12.2900,18150700
2016-02-11,12.5700,12.6700,12.0150,12.4000,16920400
2016-02-10,12.7700,13.0700,12.7100,12.8600,10292600
2016-02-09,12.3700,12.8598,12.3100,12.7200,11504400
2016-02-08,13.0000,13.0500,12.3700,12.5100,25491500
2016-02-05,13.6900,13.7500,13.0350,13.2000,22758900
2016-02-04,13.3100,13.8900,13.3100,13.8500,11181900
2016-02-03,13.6600,13.7702,13.1100,13.3700,12995300
2016-02-02,13.7000,13.9700,13.3600,13.4500,16650600
2016-02-01,13.6700,13.8800,13.5300,13.7900,16430600
2016-01-29,13.4104,13.8800,13.3500,13.7600,19548700
2016-01-28,13.4496,13.7000,13.0700,13.1900,16989400
2016-01-27,13.5306,13.6100,12.9550,13.3900,31803600
2016-01-26,13.3500,13.7250,13.3500,13.6000,18454700
2016-01-25,13.2887,13.5500,13.1200,13.3400,19241600
2016-01-22,12.7000,13.4300,12.6500,13.3500,26272600
2016-01-21,11.9991,12.5400,11.8200,12.4100,28784100
2016-01-20,12.0000,12.2000,11.6250,12.0600,28630200
2016-01-19,12.6800,12.7800,12.2000,12.3200,22239600
2016-01-15,12.6000,12.8000,12.4900,12.5400,33945600
2016-01-14,12.7500,13.1700,12.6500,13.0000,22973700
2016-01-13,13.3495,13.3500,12.5300,12.7500,30489600
2016-01-12,13.3500,13.4200,13.0900,13.2600,21435500
2016-01-11,13.4300,13.7100,13.0700,13.2600,25998800
2016-01-08,13.7705,14.0200,13.3100,13.5400,28272000
2016-01-07,14.5000,14.5600,13.6503,13.7100,34143900
2016-01-06,14.6200,15.0000,14.5100,14.8000,19468100
2016-01-05,15.1300,15.2500,14.9400,15.0300,17770100
2016-01-04,14.9700,15.1500,14.7400,15.1300,25940400
2015-12-31,15.2300,15.3100,15.1000,15.2000,11644800
2015-12-30,15.2900,15.4800,15.1500,15.2800,10796700
2015-12-29,15.2900,15.4370,15.1800,15.2000,10797800
2015-12-28,14.8900,15.2800,14.8200,15.2300,10203800
2015-12-24,14.8100,15.1700,14.7900,15.0200,3748100
2015-12-23,14.1900,14.9688,14.0500,14.9100,19359600
2015-12-22,14.0400,14.1400,13.9200,14.0600,12547100
2015-12-21,14.1200,14.4000,13.8700,14.0200,16970300
2015-12-18,14.2700,14.3853,14.0000,14.1600,33271400
2015-12-17,14.6099,14.7200,14.2200,14.3100,13118600
2015-12-16,14.6200,14.8100,14.5500,14.7000,13490800
2015-12-15,14.5100,14.9800,14.4850,14.5600,22175600
2015-12-14,14.3000,14.5000,13.9200,14.4400,19834700
2015-12-11,14.9900,15.4000,14.1400,14.1800,18265700
2015-12-10,14.7900,14.8100,14.5300,14.7200,19528600
2015-12-09,14.9900,15.3900,14.6800,14.8500,24538300
2015-12-08,15.0900,15.2900,14.6200,15.1700,19988600
2015-12-07,15.0000,15.4800,14.9202,15.4500,16424400
2015-12-04,14.3900,15.2950,14.2400,15.2200,20648400
2015-12-03,15.0000,15.3400,14.5800,14.6200,32527300
2015-12-02,15.3700,15.5400,14.8700,14.9500,21818500
2015-12-01,14.8800,15.8800,14.8500,15.6100,43197200
2015-11-30,14.2300,15.0000,14.1800,14.8600,50075500
2015-11-27,14.1198,14.6400,14.0500,14.3500,10395000
2015-11-25,13.9100,14.8600,13.8400,14.1200,39017100
2015-11-24,13.5800,14.0250,13.5000,13.6900,41484100
2015-11-23,14.1700,14.2102,13.5700,13.8500,26354200
2015-11-20,13.7800,14.6300,13.6800,14.2100,31932300
2015-11-19,13.5300,13.8900,13.5200,13.7800,22662200
2015-11-18,13.4800,13.7300,13.1890,13.6400,22402400
2015-11-17,13.3800,13.4900,13.1200,13.2200,21370500
2015-11-16,13.3700,13.6100,13.1400,13.3800,23712100
2015-11-13,13.6100,13.7593,13.1500,13.3900,25678400
2015-11-12,13.8100,13.8200,13.5903,13.7000,35050600
2015-11-11,14.2000,14.3100,14.0900,14.1100,18942200
2015-11-10,14.1294,14.4400,14.0100,14.4100,25426000
2015-11-09,14.2600,14.4800,14.1300,14.2000,30158000
2015-11-06,13.1800,14.4800,13.1500,14.4000,51702600
2015-11-05,13.6400,13.8900,13.1200,13.2800,38179900
2015-11-04,14.3900,14.5100,13.6100,13.6600,54241800
2015-11-03,14.0700,14.7100,13.6750,14.3600,69176300
2015-11-02,14.9900,15.1700,13.8600,14.4900,70312600
2015-10-30,9.2412,9.3574,8.5554,8.5554,4214100
2015-10-29,9.3051,9.4562,9.0378,9.2703,499600
2015-10-28,9.2412,9.5027,9.2092,9.4621,509700
2015-10-27,9.6248,9.7352,9.0668,9.1424,1094200
2015-10-26,9.9445,9.9445,9.4795,9.5434,885600
2015-10-23,10.0258,10.0258,9.7933,9.8805,102900
2015-10-22,9.7120,9.9096,9.4388,9.8515,189200
2015-10-21,10.0258,10.0839,9.5318,9.5783,135200
2015-10-20,9.4446,9.8398,9.4446,9.8050,1220800
2015-10-19,10.7523,10.7523,9.5783,9.6190,2721200
